{
  "create cin" : {
    "transaction" : "create cin",
    "sampleCount" : 242478,
    "errorCount" : 36176,
    "errorPct" : 14.9192915,
    "meanResTime" : 1674.28403813953,
    "medianResTime" : 47.0,
    "minResTime" : 6.0,
    "maxResTime" : 19018.0,
    "pct1ResTime" : 4009.9000000000015,
    "pct2ResTime" : 5198.9000000000015,
    "pct3ResTime" : 7087.960000000006,
    "throughput" : 51.48369294505374,
    "receivedKBytesPerSec" : 31.563194893861784,
    "sentKBytesPerSec" : 20.714142083361466
  },
  "Total" : {
    "transaction" : "Total",
    "sampleCount" : 242478,
    "errorCount" : 36176,
    "errorPct" : 14.9192915,
    "meanResTime" : 1674.28403813953,
    "medianResTime" : 47.0,
    "minResTime" : 6.0,
    "maxResTime" : 19018.0,
    "pct1ResTime" : 4009.9000000000015,
    "pct2ResTime" : 5198.9000000000015,
    "pct3ResTime" : 7087.960000000006,
    "throughput" : 51.48369294505374,
    "receivedKBytesPerSec" : 31.563194893861784,
    "sentKBytesPerSec" : 20.714142083361466
  }
}