{
  "get cin" : {
    "transaction" : "get cin",
    "sampleCount" : 998055,
    "errorCount" : 1,
    "errorPct" : 1.0019488E-4,
    "meanResTime" : 30571.23741777855,
    "medianResTime" : 185.0,
    "minResTime" : 99.0,
    "maxResTime" : 193357.0,
    "pct1ResTime" : 5504.800000000003,
    "pct2ResTime" : 6705.850000000002,
    "pct3ResTime" : 7668.0,
    "throughput" : 95.97714446610703,
    "receivedKBytesPerSec" : 60.17888744329078,
    "sentKBytesPerSec" : 20.24517891081945
  },
  "Total" : {
    "transaction" : "Total",
    "sampleCount" : 998055,
    "errorCount" : 1,
    "errorPct" : 1.0019488E-4,
    "meanResTime" : 30571.23741777855,
    "medianResTime" : 185.0,
    "minResTime" : 99.0,
    "maxResTime" : 193357.0,
    "pct1ResTime" : 5504.800000000003,
    "pct2ResTime" : 6705.850000000002,
    "pct3ResTime" : 7668.0,
    "throughput" : 95.97714446610703,
    "receivedKBytesPerSec" : 60.17888744329078,
    "sentKBytesPerSec" : 20.24517891081945
  }
}