{
  "create cin" : {
    "transaction" : "create cin",
    "sampleCount" : 53433,
    "errorCount" : 17399,
    "errorPct" : 32.562275,
    "meanResTime" : 7748.6558493815255,
    "medianResTime" : 771.0,
    "minResTime" : 20.0,
    "maxResTime" : 90034.0,
    "pct1ResTime" : 30003.0,
    "pct2ResTime" : 30004.0,
    "pct3ResTime" : 61041.94000000001,
    "throughput" : 11.254487956920668,
    "receivedKBytesPerSec" : 5.889419114989429,
    "sentKBytesPerSec" : 4.5281728889173
  },
  "Total" : {
    "transaction" : "Total",
    "sampleCount" : 53433,
    "errorCount" : 17399,
    "errorPct" : 32.562275,
    "meanResTime" : 7748.6558493815255,
    "medianResTime" : 771.0,
    "minResTime" : 20.0,
    "maxResTime" : 90034.0,
    "pct1ResTime" : 30003.0,
    "pct2ResTime" : 30004.0,
    "pct3ResTime" : 61041.94000000001,
    "throughput" : 11.254487956920668,
    "receivedKBytesPerSec" : 5.889419114989429,
    "sentKBytesPerSec" : 4.5281728889173
  }
}