{
  "get cin" : {
    "transaction" : "get cin",
    "sampleCount" : 6082191,
    "errorCount" : 398784,
    "errorPct" : 6.556585,
    "meanResTime" : 5479.353167961505,
    "medianResTime" : 103.0,
    "minResTime" : 54.0,
    "maxResTime" : 180003.0,
    "pct1ResTime" : 337.0,
    "pct2ResTime" : 30002.0,
    "pct3ResTime" : 30008.0,
    "throughput" : 117.00838538250642,
    "receivedKBytesPerSec" : 69.4408901753386,
    "sentKBytesPerSec" : 24.68145629162245
  },
  "Total" : {
    "transaction" : "Total",
    "sampleCount" : 6082191,
    "errorCount" : 398784,
    "errorPct" : 6.556585,
    "meanResTime" : 5479.353167961505,
    "medianResTime" : 103.0,
    "minResTime" : 54.0,
    "maxResTime" : 180003.0,
    "pct1ResTime" : 337.0,
    "pct2ResTime" : 30002.0,
    "pct3ResTime" : 30008.0,
    "throughput" : 117.00838538250642,
    "receivedKBytesPerSec" : 69.4408901753386,
    "sentKBytesPerSec" : 24.68145629162245
  }
}