{
  "get cin" : {
    "transaction" : "get cin",
    "sampleCount" : 21332027,
    "errorCount" : 0,
    "errorPct" : 0.0,
    "meanResTime" : 161.89641223498657,
    "medianResTime" : 76.0,
    "minResTime" : 0.0,
    "maxResTime" : 4814.0,
    "pct1ResTime" : 461.0,
    "pct2ResTime" : 693.0,
    "pct3ResTime" : 1182.9900000000016,
    "throughput" : 2482.5024645194735,
    "receivedKBytesPerSec" : 1103.065191407788,
    "sentKBytesPerSec" : 455.77193684537207
  },
  "Total" : {
    "transaction" : "Total",
    "sampleCount" : 21332027,
    "errorCount" : 0,
    "errorPct" : 0.0,
    "meanResTime" : 161.89641223498657,
    "medianResTime" : 76.0,
    "minResTime" : 0.0,
    "maxResTime" : 4814.0,
    "pct1ResTime" : 461.0,
    "pct2ResTime" : 693.0,
    "pct3ResTime" : 1182.9900000000016,
    "throughput" : 2482.5024645194735,
    "receivedKBytesPerSec" : 1103.065191407788,
    "sentKBytesPerSec" : 455.77193684537207
  }
}